CreatedAt,Location,RetweetCount,Ticker,TweetId,TweetLanguage,TweetText
2020-11-18T05:41:30.000Z,nan,0,AMZN,1.32894E+18,es,Ahora con m√°s datos y mejor conocimiento de sus miebros prime #PillPack #AMZN pone a temblar a Walgreens y CVS https://t.co/SKzb8wUAx9
2020-11-18T05:13:05.000Z,nan,0,AMZN,1.32893E+18,en,"#USDJPY TP2 Hit! 127 PIPS Profitüî•‚ú®üî±

For Free signals, Join https://t.co/W0SVerjQDU

#USDTRY #S&amp;P500 #stocks #PIPS #nflx #forex #GBPJPY #fx #amzn #xauusd #SPX #WTI #xagusd #SP500 #BTC #SPY #EURTRY #aapl 79883 https://t.co/EweifR9fxP"
2020-11-18T04:53:56.000Z,nan,0,AMZN,1.32892E+18,in,"Amazon (AMZN), DJI, IXIC, SPX, GOLD, XAUUSAD - November 18 - #AMZN chart https://t.co/28tS0jYMjN"
2020-11-18T03:56:25.000Z,nan,9,AMZN,1.32891E+18,en,"RT @SiddharthKapo: While #AMZN entry can't be taken lightly, interesting to note that 60% of the Top 100 Drugs are materially cheaper on #G‚Ä¶"
2020-11-18T03:45:57.000Z,nan,0,AMZN,1.32891E+18,en,"#USDJPY TP2 Hit! 127 PIPS Profitüî•‚ú®üî±

Check out my Bio to get Telegram link of Free Forex or Crypto Channel. 

Cheers! üçª

#xagusd #fx #PIPS #nflx #DJIA #SP500 #EURTRY #SPX #BTC #GBPJPY #FTSE #amzn #WTI #USDTRY #aapl #stocks #forex #xauusd 19187 https://t.co/Jzuaq9uM7z"
2020-11-18T03:24:30.000Z,nan,0,AMZN,1.3289E+18,en,"EURNZD TP2 Hit! 180 PIPS PROFIT üî•üëçüèª‚ö°Ô∏è

For Free signals, Join https://t.co/emm8JHJxpt

#xauusd #fx #DJI #AUDJPY #forex #Forextrading #EURGBP #EURAUD #nasdaq #nflx #CHFJPY #NZDUSD #xagusd #silver #BTC #DAX30 #amzn #gold 45606 https://t.co/0oElpGgNBm"
2020-11-18T03:12:20.000Z,nan,0,AMZN,1.3289E+18,en,#Free Trial available at https://t.co/x2kmaKA6Ui #SPY #GDX #XME #XLE #IYR #AAPL #FB #AMZN #NFLX #GOOGL #MSFT #NVDA #AMD #TSLA #BABA #XOM #BAC #T #NKE #GE #SPX #NKD_F #FTSE #DAX #YM_F #USDX #EURUSD #GBPUSD #GBPJPY #USDJPY #CL_F #HG_F #XAUUSD #XAGUSD #ES_F #NQ_F #RTY_F #ASX #BTC https://t.co/ydd40536XG
2020-11-18T03:06:49.000Z,nan,0,AMZN,1.3289E+18,en,"Group 1, 2 &amp; 3 Daily Live #Trading Rooms and #ElliottWave Analysis Session video recordings are available for members viewing. https://t.co/x2kmaKA6Ui #SPY #AAPL #FB #AMZN #GOOGL #TSLA #YM_F #USDX #EURUSD #USDJPY #CL_F #ES_F #NQ_F #BTC https://t.co/t6GzMaUJxj"
2020-11-18T01:04:37.000Z,nan,0,AMZN,1.32887E+18,en,"Just call him Jeff Benzos...https://t.co/QfCsbIqEqO

#amazon #amzn"
2020-11-18T00:54:15.000Z,nan,0,AMZN,1.32886E+18,en,"#NZDCAD Target Hit! 90 PIPS Profit üî•

For free signals, Join https://t.co/ODNAXoBRgn

#xagusd #GBPJPY #EURUSD #EURAUD #forex #aapl #Forextrading #xauusd #amzn #EURGBP #stocks #fx #ForexMarket #nflx #gold #GBPUSD #GER30 #BTC 54390 https://t.co/YKamNFoUX4"
2020-11-18T00:41:25.000Z,nan,0,AMZN,1.32886E+18,en,"Chess Move #AMZN $AMZN. Disruption on the horizon 
https://t.co/PlIOUGgTGt"
2020-11-18T00:34:01.000Z,nan,0,AMZN,1.32886E+18,en,"#NZDCAD Target Hit! 90 PIPS Profit üî•

Join Now for Free Signals, https://t.co/L0rq5THUeb

#xagusd #CHFJPY #amzn #silver #nasdaq #xauusd #DJI #BTC #AUDJPY #GBPJPY #EURAUD #fx #forex #stocks #NZDUSD #DAX30 #aapl #nflx 99971 https://t.co/ALQwyI94Ej"
2020-11-18T00:23:53.000Z,nan,0,AMZN,1.32886E+18,en,Here's Why #Amazon #Amzn Just Began An #Online #pharmacy https://t.co/xECW0yYBg8
2020-11-17T23:36:46.000Z,nan,0,AMZN,1.32884E+18,en,$AMZN bearish pennant on the daily - #AMZN chart https://t.co/qhdIXktTO7
2020-11-17T23:03:33.000Z,nan,0,AMZN,1.32884E+18,en,@thedatagap Consumers are attracted by pricing and convenience. Tracking the pricing delta between #GDRX and #AMZN indicates direction of travel given both will have 70k+ distribution points over time
2020-11-17T22:54:13.000Z,nan,0,AMZN,1.32883E+18,en,"Learn how to trade

#tslaq  #amzn #tsla #AAPL #DJI #SP500 #mdrn #MSFT #VIX  #ba #SPX #NASDAQ #NASDAQ100 #daytrade #DayTrading #stocks 

https://t.co/woZMVXr5Pa"
2020-11-17T22:53:19.000Z,nan,0,AMZN,1.32883E+18,en,"Learn how to trade

#tslaq  #amzn #tsla #AAPL #DJI #SP500 #mdrn #MSFT #VIX  #ba #SPX #NASDAQ #NASDAQ100 #daytrade #DayTrading #stocks 

https://t.co/DDt5bJEAcR"
2020-11-17T22:39:22.000Z,nan,0,AMZN,1.32883E+18,en,"AUDJPY Both Targets Hit! 110 Pips Profit With the Free Callüí•‚ù§Ô∏èüî•

Join Now for Free Signals, https://t.co/p6kJmN7u13

#GER30 #AUDJPY #xauusd #xagusd #NZDUSD #DAX30 #nasdaq #CHFJPY #amzn #EURUSD #forex #silver #GBPUSD #fx #BTC #DJI #nflx #ForexMarket 17391 https://t.co/KtX6lWstf0"
2020-11-17T21:32:44.000Z,nan,1,AMZN,1.32881E+18,en,"RT @MommyTrades: #AMZN Bull Put and equity at the Support level...Quick trades... (This is not an investment, so don't marry it.. Get in an‚Ä¶"
2020-11-17T21:32:31.000Z,nan,1,AMZN,1.32881E+18,en,"RT @MommyTrades: #AMZN Bull Put Credit Spread 2900/2850 (as per the weekend newsletter)

https://t.co/nxLc30H3nf

#Plan#React #Stocks #DayT‚Ä¶"
2020-11-17T21:15:37.000Z,nan,0,AMZN,1.32881E+18,en,"$AMZN closes higher for the 3rd day in a row: https://t.co/0vIg4YSGR8
Sentiment: Neutral #AMZN #Amazon"
2020-11-17T21:06:12.000Z,nan,9,AMZN,1.32881E+18,en,"While #AMZN entry can't be taken lightly, interesting to note that 60% of the Top 100 Drugs are materially cheaper on #GDRX. Price leadership in this category of Consumer Healthcare begets consumer trust + loyalty. https://t.co/2rJ829PpLj"
2020-11-17T20:44:05.000Z,nan,45,AMZN,1.3288E+18,en,"RT @BorsaNokta: 2) We can expect good news next week. It is my personal opinion, definitely not investment advice.

$KLNMA #KLNMA
#Stocks
#‚Ä¶"
2020-11-17T20:43:43.000Z,nan,40,AMZN,1.3288E+18,in,"RT @BorsaNokta: $KRDMA #KRDMA
$KLNMA #KLNMA
#Stocks
#StockMarket
$AAPL #AAPL
$MSFT #MSFT
$AMZN #AMZN
$EURUSD
#DJI $DJI
#SP500
#CCO $CCO
#DA‚Ä¶"
2020-11-17T20:43:33.000Z,nan,29,AMZN,1.3288E+18,in,"RT @BorsaNokta: $KLNMA #KLNMA
#Stocks
#StockMarket
$AAPL #AAPL
$MSFT #MSFT
$AMZN #AMZN
$EURUSD
#DJI $DJI
#SP500
#CCO $CCO
#DAX $DAX
#NDX $N‚Ä¶"
2020-11-17T20:43:22.000Z,nan,44,AMZN,1.3288E+18,en,"RT @BorsaNokta: It is my personal opinion, not an investment advice. #KLNMA #IEYHO #IHLAS #TSPOR #bist #bist30 #bist100 #euro #altin #dolar‚Ä¶"
2020-11-17T20:32:29.000Z,nan,0,AMZN,1.3288E+18,es,"Hoy #Amazon anunci√≥ su nueva l√≠nea de negocio #AmazonPharmacy pero la acci√≥n no subi√≥ tanto. 

En este momento acumula un avance de +0.89% y cotiza en 3159.01. ¬øQu√© tanto podr√≠a impactarle esta noticia para sus futuros ingresos? 

https://t.co/Q9wljvWelD

#trading #AMZN #stocks"
2020-11-17T20:31:29.000Z,nan,0,AMZN,1.3288E+18,en,Imagine Amazon ships you your corona virus vaccine in 2021 #amzn
2020-11-17T20:30:02.000Z,nan,0,AMZN,1.3288E+18,en,#AMZN - Amz - pattern Diamond ?  - TradingView - https://t.co/8nHEl6QsVH
2020-11-17T19:59:48.000Z,nan,0,AMZN,1.32879E+18,en,"#EURUSD TARGET HIT! 155 Pips Profit ‚ù§Ô∏èüòç‚≠êÔ∏è

For Free signals, Join https://t.co/TRxnnWhKyH

#DJIA #AUDJPY #CHFJPY #GER30 #FTSE #forex #DAX30 #xauusd #SPY #nflx #amzn #nasdaq #NZDUSD #fx #BTC #DJI #silver #xagusd 26937 https://t.co/DxZGWMBWxx"
2020-11-17T19:59:38.000Z,nan,0,AMZN,1.32879E+18,en,#Free Trial available at https://t.co/x2kmaKA6Ui #SPY #GDX #XME #XLE #IYR #AAPL #FB #AMZN #NFLX #GOOGL #MSFT #NVDA #AMD #TSLA #BABA #XOM #BAC #T #NKE #GE #SPX #NKD_F #FTSE #DAX #YM_F #USDX #EURUSD #GBPUSD #GBPJPY #USDJPY #CL_F #HG_F #XAUUSD #XAGUSD #ES_F #NQ_F #RTY_F #ASX #BTC https://t.co/PY6c0DT17c
2020-11-17T19:58:24.000Z,nan,0,AMZN,1.32879E+18,en,1 hour charts for all 78 instruments are available for members viewing https://t.co/x2kmaKA6Ui #ElliottWave #Forex #Indices #Commodities #stocks #etf's #SPX #NKD_F #YM_F #RTY_F #ES_F #NQ_F #USDX #EURUSD #AMZN #GOOGL #AMD #MSFT #TSLA #SPY #T https://t.co/zatRfjpUfI
2020-11-17T19:50:55.000Z,nan,1,AMZN,1.32879E+18,en,"Better Buy: Amazon vs. Dollar General (#AMZN, $AMZN, #DG, $DG)

One of these names is peaking, while the other is just hitting its stride.

https://t.co/YrckS0GcGW"
2020-11-17T19:42:28.000Z,nan,1,AMZN,1.32879E+18,en,"#AMZN Bull Put Credit Spread 2900/2850 (as per the weekend newsletter)

https://t.co/nxLc30H3nf

#Plan#React #Stocks #DayTrading #SwingTrading #CreditSpread https://t.co/Kg1qXDktvL"
2020-11-17T19:38:56.000Z,nan,0,AMZN,1.32878E+18,en,"#EURUSD TARGET HIT! 155 Pips Profit ‚ù§Ô∏èüòç‚≠êÔ∏è

For Forex signals, join https://t.co/LHXFU2GRDc

#CHFJPY #fx #DAX30 #GER30 #S&amp;P500 #xauusd #forex #nflx #DJIA #amzn #nasdaq #FTSE #NZDUSD #DJI #AUDJPY #xagusd #BTC #silver 83180 https://t.co/eANa42Fib3"
2020-11-17T19:37:33.000Z,nan,0,AMZN,1.32878E+18,und,#NASDAQ2 #AAPL #FB #AMZN #MSFT #NVDA #TSLA #AMD #NFLX #QCOM #GOOG #AVGO #MU #INTC #CSCO #PYPL #BIIB #COST #CMCSA #AMAT #JD #ADBE #BKNG #WDC https://t.co/e1cuJf5lNX
2020-11-17T19:36:36.000Z,nan,0,AMZN,1.32878E+18,und,#NASDAQ2 #AAPL #FB #AMZN #MSFT #NVDA #TSLA #AMD #NFLX #QCOM #GOOG #AVGO #MU #INTC #CSCO #PYPL #BIIB #COST #CMCSA #AMAT #JD #ADBE #BKNG #WDC https://t.co/pCqRH2bNb1
2020-11-17T19:36:08.000Z,nan,0,AMZN,1.32878E+18,en,"I bought a F*Ton of stock during the #CovidCollapse. Just about everyone of those positions are back in the green.

Looks like my #AMZN is a lonnnnnng hold. https://t.co/ox8Cf8SNHl"
2020-11-17T19:33:26.000Z,nan,0,AMZN,1.32878E+18,und,#NASDAQ1 #AAPL #FB #AMZN #MSFT #NVDA #TSLA #AMD #NFLX #QCOM #GOOG #AVGO #MU #INTC #CSCO #PYPL #GOOGL #COST #CMCSA #AMAT #JD #ADBE #BKNG #UAL https://t.co/r4n7S7hCkc
2020-11-17T19:32:29.000Z,nan,0,AMZN,1.32878E+18,und,#NASDAQ1 #AAPL #FB #AMZN #MSFT #NVDA #TSLA #AMD #NFLX #QCOM #GOOG #AVGO #MU #INTC #CSCO #PYPL #GOOGL #COST #CMCSA #AMAT #JD #ADBE #BKNG #UAL https://t.co/zdSsgQYje1
2020-11-17T19:18:02.000Z,nan,0,AMZN,1.32878E+18,pt,"Amazon (#AMZN) lan√ßa farm√°cia online nos Estados Unidos

https://t.co/N2Xtc3s2b6"
2020-11-17T19:14:00.000Z,nan,1,AMZN,1.32878E+18,de,RT @slejden: Jetzt wird es verr√ºckt ; #AMZN als Apotheker ü§î https://t.co/92CLcLfmhz
2020-11-17T19:05:27.000Z,nan,1,AMZN,1.32878E+18,de,Jetzt wird es verr√ºckt ; #AMZN als Apotheker ü§î https://t.co/92CLcLfmhz
2020-11-17T19:05:03.000Z,nan,0,AMZN,1.32878E+18,en,#AMZN #ATVI How The Pandemic Unexpectedly Showed That Video Games Are Recession-Proof https://t.co/i8Fam4DiFN https://t.co/n5bw40Tj2V
2020-11-17T18:55:26.000Z,nan,0,AMZN,1.32877E+18,es,"Come comprare azioni #Amazon con eToro https://t.co/lGJ3BjaJEA a trav√©s de @YouTube 
#AMZN #eToro"
2020-11-17T18:37:14.000Z,nan,0,AMZN,1.32877E+18,de,"Blaues Hufeisen kauft #AMZN #AMAZON Call Hebel 3,9 zus√§tzlich zu den bestehenden Aktien! üìå Die Korrektur bewerte ich seit l√§ngerem als abgeschlossen ‚úîÔ∏è, neue Impulse w√ºrden den Kurs gen Norden unterst√ºtzen. Heute kam die Meldung zum Online Apotheken Gesch√§ft erneut auf. #boerse"
2020-11-17T18:27:40.000Z,nan,1,AMZN,1.32877E+18,en,"RT @SKizaraly: @chrissyfarr Yup. It‚Äôs coming. Might take time, but it is.

In that process, my sincere hope is that #AMZN takes the opportu‚Ä¶"
2020-11-17T18:24:44.000Z,nan,1,AMZN,1.32877E+18,en,"@chrissyfarr Yup. It‚Äôs coming. Might take time, but it is.

In that process, my sincere hope is that #AMZN takes the opportunity to rethink the system from the ground up, reinvent the end-to-end care delivery &amp; payment models, and that ‚Äúcare‚Äù also includes concepts such the Whole Person Care."
2020-11-17T18:21:37.000Z,nan,0,AMZN,1.32877E+18,en,Comparing #TSLA with other auto makers is like comparing #AMZN with a book store.
2020-11-17T18:16:52.000Z,nan,1,AMZN,1.32876E+18,es,"RT @InvestingMx: ‚úÖLas acciones m√°s activas al momento en el mercado de EEUU üá∫üá∏.

#TSLA #NIO #AMZN #Apple #Boeing #Alibaba #Facebook https:/‚Ä¶"
2020-11-17T18:15:12.000Z,nan,1,AMZN,1.32876E+18,es,"‚úÖLas acciones m√°s activas al momento en el mercado de EEUU üá∫üá∏.

#TSLA #NIO #AMZN #Apple #Boeing #Alibaba #Facebook https://t.co/UIflhVSHZp"
2020-11-17T18:13:33.000Z,nan,0,AMZN,1.32876E+18,en,#AMLP #AMZN #ARKG #ARKK Retirees Beware: Dividend Investing Is Overrated https://t.co/lATEcrtcqK
2020-11-17T18:00:19.000Z,nan,0,AMZN,1.32876E+18,ru,"https://t.co/0rvoMZ5jbM Inc. (#AMZN) –∑–∞–ø—É—Å—Ç–∏–ª–∞ –≤ #—Å—à–∞ —Å–µ—Ä–≤–∏—Å #amazon #pharmacy , –∫–æ—Ç–æ—Ä—ã–π –ø–æ —Å—É—Ç–∏ —è–≤–ª—è–µ—Ç—Å—è –æ–Ω–ª–∞–π–Ω –∞–ø—Ç–µ–∫–æ–π –∏ –ø–æ–∑–≤–æ–ª—è–µ—Ç –≤—ã–ø–æ–ª–Ω—è—Ç—å –¥–æ—Å—Ç–∞–≤–∫—É —Ä–µ—Ü–µ–ø—Ç—É—Ä–Ω—ã—Ö –º–µ–¥–∏—Ü–∏–Ω—Å–∫–∏—Ö –ø—Ä–µ–ø–∞—Ä–∞—Ç–æ–≤ 
https://t.co/dfYlIcZtQP"
2020-11-17T17:48:00.000Z,nan,0,AMZN,1.32876E+18,en,"400 Pips Up from our entry‚¨ÜÔ∏èüíØüëåüèª

For Forex signals, join https://t.co/5sunYto8bc

#forex #PIPS #ES_F #WTI #USDTRY #SPX #DJIA #amzn #EURTRY #AUDJPY #nflx #xauusd #fx #BTC #FTSE #xagusd #SP500 #DOW 61513 https://t.co/lBerjqXdQC"
2020-11-17T17:30:19.000Z,nan,0,AMZN,1.32875E+18,en,"#GOOG Update üìâ

4H bearish divergence. Will we invalidate it?

Charts are released earlier in our Discord group #joinus
Please like and share if you appreciate this #Elliottwave update

#NDX #SPX #MSFT #APPL #AMZN #GOOG #GOOGL #FB #AMD #NVDA #SMH #XLK #JPM #M #PG #UNH #INTC #VZ https://t.co/VvfYk93eqW"
,nan,,AMZN,,,"""#WBA #AMZN #MCK

Looks as though thee are very few sectors """"@amazon  proof"""". "
,nan,,AMZN, which is obviously a major blow for shares in @McKesson &amp; @Walgreens in the US.,,The latest one being pharmacies &amp; online drug delivery
,nan,,AMZN,,,Watch out UK. We're likely to be next.
2020-11-17T17:07:44.000Z,nan,0,AMZN,1.32875E+18,en,"https://t.co/M0boUKksBV"""
2020-11-17T16:59:20.000Z,nan,0,AMZN,1.32874E+18,en,"#AMZN $AMZN MSP DOT ALGO  Max III Trading Signals

Need a Yellow Dot on the Daily, otherwise churn baby churn.

$30-50 churn good chop"
2020-11-17T16:50:32.000Z,nan,1,AMZN,1.32874E+18,en,"#AMZN Bull Put and equity at the Support level...Quick trades... (This is not an investment, so don't marry it.. Get in and Get out)... :) https://t.co/OSR51PaidL"
2020-11-17T16:50:22.000Z,nan,0,AMZN,1.32874E+18,ja,"#GDRX „Åå‰∏ã„Åå„Å£„Å®„ÇãÔºÅ
#AMZN „ÅÆ„Éã„É•„Éº„Çπ„ÇíÂèó„Åë„Å¶„ÅÆ„Åì„Å®„Åø„Åü„ÅÑ„Åß„Åô
„Åì„Çå„ÄÅ#GDRX „ÅÆ„Ç¢„Éó„É™Ôºü„ÅßËñ¨„ÅÆÂÄ§ÊÆµ„ÇíË™ø„Åπ„Çã„Å®„Åç„Å´Amazon„ÅÆ‰æ°Ê†º„ÇÇË°®Á§∫„Åï„Çå„Çã„Çà„ÅÜ„Å´„Å™„Çå„Å∞Ëß£Ê±∫„Åô„Çã„ÅÆ„Å´
„Åù„ÅÜ„Å™„Çâ„Å™„ÅÑ„Åã„Å™„ÉºÔºü
Amazon„ÅØApple WatchÂá∫„Åó„ÅüÊôÇ„Åã„Çâ„Éò„É´„Çπ„Ç±„Ç¢„Å´Âêë„Åã„Å£„Å¶„Çã„Å®„ÅÑ„ÅÜË©±„Å†„Å£„Åü„Åã„Çâ„Åì„ÅÆÊµÅ„Çå„ÅØË™≠„ÇÅ„Å¶„Çã‰∫∫„ÅåÂ§ö„ÅÑÂç∞Ë±°"
2020-11-17T16:44:44.000Z,nan,0,AMZN,1.32874E+18,en,"#CVS and businesses alike stop drops BIG as #Amazon opens up an online pharmacy... #KeepWatch as this might be a good price to go in on was trading for 73$ yesterday...

#TradeTheNews #AMZN #stocks #StockMarket #stock #trade #invest #investing #investment https://t.co/ZIv9siaBG5"
2020-11-17T16:38:46.000Z,nan,0,AMZN,1.32874E+18,en,"400 Pips Up from our entry‚¨ÜÔ∏èüíØüëåüèª

Check out my Bio to get Telegram link of Free Forex or Crypto Channel. 

Cheers! üçª

#stocks #EURGBP #aapl #xauusd #gold #GBPJPY #usoil #AUDJPY #crudeoil #forexsignals #nflx #BTC #xagusd #fx #forex #amzn #bitcoin #EURAUD 64436 https://t.co/1uzpnLrHeH"
2020-11-17T16:27:04.000Z,nan,0,AMZN,1.32874E+18,en,Quick $170 profit on Tesla Put this morning ! Held contract for 1 hour and 20 minutes. I‚Äôll take it ! #daytrade #swingtrade #stocks #market #stockmarket #tesla #aapl #msft #tsla #amzn #baba https://t.co/qdDpPls4IS
2020-11-17T16:23:54.000Z,nan,0,AMZN,1.32874E+18,en,"Stocks I own:

Tesla #TSLA
Amazon #AMZN
Apple #AAPL
McDonald‚Äôs #MCD
Coca-Cola #KO
Altria #MO
Starbucks #SBUX"
2020-11-17T16:10:27.000Z,nan,0,AMZN,1.32873E+18,en,@andrewrsorkin @masason Loved that remark! Especially considering the fact that one of those mistakes was not moving forward with acquiring a 30% stake in #AMZN because of a disagreement on pre-IPO valuation ($300M vs $350M!)
2020-11-17T16:06:48.000Z,nan,0,AMZN,1.32873E+18,en,#spx #aapl #amzn #goog the algorithm kicking in I see!
2020-11-17T15:55:51.000Z,nan,0,AMZN,1.32873E+18,und,#NASDAQ2 #AAPL #FB #AMZN #MSFT #NVDA #TSLA #AMD #NFLX #QCOM #GOOG #AVGO #MU #INTC #CSCO #PYPL #BIIB #COST #CMCSA #AMAT #JD #ADBE #BKNG #WDC https://t.co/IVOmgW6J5W
2020-11-17T15:54:48.000Z,nan,0,AMZN,1.32873E+18,und,#NASDAQ2 #AAPL #FB #AMZN #MSFT #NVDA #TSLA #AMD #NFLX #QCOM #GOOG #AVGO #MU #INTC #CSCO #PYPL #BIIB #COST #CMCSA #AMAT #JD #ADBE #BKNG #WDC https://t.co/SqsuMtAVX1
2020-11-17T15:52:02.000Z,nan,0,AMZN,1.32873E+18,en,$AMZN Amazon enters healthcare sector with online pharmacy launch https://t.co/iZ8dzC2qYL  #AMZN
2020-11-17T15:47:14.000Z,nan,0,AMZN,1.32873E+18,en,"#Amazon jumps into the pharmacy business with online prescription fulfillment, free delivery for Prime members.

#AMZN Stock Price rose to 3258.

Amazon Pharmacy, announced Tuesday, is the company‚Äôs biggest push yet into $300 billion market, and threatens‚Ä¶https://t.co/hjTtWU6Ug2"
2020-11-17T15:34:31.000Z,nan,0,AMZN,1.32872E+18,und,#NASDAQ1 #AAPL #FB #AMZN #MSFT #NVDA #TSLA #AMD #NFLX #QCOM #GOOG #AVGO #MU #INTC #CSCO #PYPL #GOOGL #COST #CMCSA #AMAT #JD #ADBE #BKNG #UAL https://t.co/6C2Xan99Rz
2020-11-17T15:33:24.000Z,nan,0,AMZN,1.32872E+18,und,#NASDAQ1 #AAPL #FB #AMZN #MSFT #NVDA #TSLA #AMD #NFLX #QCOM #GOOG #AVGO #MU #INTC #CSCO #PYPL #GOOGL #COST #CMCSA #AMAT #JD #ADBE #BKNG #UAL https://t.co/Q74tk673g7
2020-11-17T15:29:43.000Z,nan,0,AMZN,1.32872E+18,en,"EURGBP TP1 Done! 70 Pips Secured‚ú®üí•üî•

For free signals, Join https://t.co/RkmvCWGv9X

#bitcoin #xagusd #BTC #forexsignals #aapl #fx #EURAUD #nflx #GBPJPY #AUDJPY #usoil #xauusd #crudeoil #amzn #forex #EURGBP #gold #stocks 3041 https://t.co/X84ghF6Kvu"
2020-11-17T15:11:04.000Z,nan,0,AMZN,1.32872E+18,en,"#AMZN #CNBC Walmart, Home Depot Strong Retail Plays, Stock Falls Unwarranted: Cramer https://t.co/7jcZeifMmO https://t.co/9O1O2uncTb"
2020-11-17T15:07:17.000Z,nan,0,AMZN,1.32872E+18,en,"+$191 in 30 minutes | Small Account Trade Log

#daytrading  #daytrade #OptionsTrading #investing #TSLA #AMZN https://t.co/oBApibmsNF"
2020-11-17T14:45:07.000Z,nan,0,AMZN,1.32871E+18,en,"#AMZN Update üìâ

Some issues here but this has the right look, overall. This is a conservative count. 
We could still pump, somehow, in the coming trading days/weeks.

Please like and share if you appreciate this #Elliottwave update https://t.co/0c1Ta9Pxy6"
2020-11-17T14:39:32.000Z,nan,0,AMZN,1.32871E+18,en,"https://t.co/rOlrzIh5TE &gt; Try EWF FREE for 14 days and learn to enter the Market at Blue Boxes, which most of the time create a reaction. Join us, it's FREE. #Elliottwave https://t.co/i7ZREQLNif FREE for 14 days #BAC #XLF #XLK #AAPL #AMZN #Nasdaq #Trading"
2020-11-17T14:35:00.000Z,nan,3,AMZN,1.32871E+18,en,"RT @BionicBulls: $BEGI - Today's Special

#BTC breaks 17K, project to go past 21K early next year

News on #blockchain OTC trading platform‚Ä¶"
2020-11-17T14:24:47.000Z,nan,0,AMZN,1.32871E+18,en,Amazon - #AMZN chart https://t.co/AAXqr1fWI2
2020-11-17T14:22:47.000Z,nan,0,AMZN,1.32871E+18,en,"1000+ Pips Profit in 12 daysüî•‚ù§Ô∏èüöÄ

For Free signals, Join https://t.co/OttddInpq5

#FTSE #xagusd #nflx #forex #AUDJPY #USDTRY #EURTRY #fx #DJIA #amzn #WTI #ES_F #SP500 #DOW #SPX #PIPS #xauusd #BTC 14798 https://t.co/KPyO4vOfbD"
2020-11-17T14:16:59.000Z,nan,0,AMZN,1.3287E+18,en,"Long #AMZN
Amazon Expands Push Into Health Care With Online Pharmacy https://t.co/KUqv0EofaF"
2020-11-17T14:08:27.000Z,nan,0,AMZN,1.3287E+18,en,"https://t.co/3lcztT6ZDM &gt; Try EWF FREE for 14 days and learn to enter the Market at Blue Boxes, which most of the time create a reaction. Join us, it's FREE. #Elliottwave https://t.co/i7ZREQLNif FREE for 14 days #BAC #XLF #XLK #AAPL #AMZN #Nasdaq #Trading"
2020-11-17T14:07:44.000Z,nan,0,AMZN,1.3287E+18,de,"@kios_que Man vermutet, dass #AMZN nun auch in DACH einsteigen k√∂nnte und somit #ROSE grosse Konkurrenz bekommt. Meiner Meinung nach v√∂llig unbegr√ºndet"
2020-11-17T13:37:10.000Z,nan,1,AMZN,1.32869E+18,en,"RT @TradingSurfers: Aloha Traders ‚òï ü§ô

Updated #Elliottwave counts on our Discord platform: 
#BTC #ETH #SPX #SPX500 #NDX #NAS100 #WTI #oil‚Ä¶"
2020-11-17T13:30:02.000Z,nan,0,AMZN,1.32869E+18,en,#CVS #WBA stock down big after #AMZN reported to start prescription pharmacy
2020-11-18T06:19:24.000Z,nan,0,AMZN,1.32895E+18,en,"#GBPAUD 145 PIPS Profitüî•üî•

For free signals, Join https://t.co/CtlhbyGaiG

#USDTRY #SP500 #fx #xauusd #forex #BTC #ES_F #EURTRY #PIPS #xagusd #stocks #WTI #amzn #SPX #DOW #aapl #nflx #GBPJPY 9669 https://t.co/kO8xVQk3W7"
2020-11-18T07:22:17.000Z,nan,0,AMZN,1.32896E+18,en,"#EURCAD 275 PIPS Profitüî•‚úÖ‚≠êÔ∏è

Check out my Bio to get Telegram link of Free Forex or Crypto Channel. 

Cheers! üçª

#xagusd #forex #GBPUSD #usoil #EURUSD #BTC #ForexMarket #forexsignals #xauusd #bitcoin #stocks #GER30 #GBPJPY #aapl #crudeoil #nflx #amzn #fx 97905 https://t.co/m7owN4u1bh"
2020-11-18T07:21:32.000Z,nan,0,AMZN,1.32896E+18,en,#AMZN #EBAY #EBAYL #FOUR How Adyen Is Simultaneously Disrupting Banks And The Payments Industry https://t.co/F3jZFhTzQe
2020-11-18T08:51:07.000Z,nan,0,AMZN,1.32898E+18,en,"#EURCAD 275 PIPS Profitüî•‚úÖ‚≠êÔ∏è

For Free signals, Join https://t.co/6yo4UIjc6A

#xauusd #gold #crudeoil #BTC #amzn #GBPUSD #EURUSD #bitcoin #EURGBP #forexsignals #xagusd #ForexMarket #GER30 #Forextrading #usoil #fx #forex #AUDJPY 87608 https://t.co/ELnLgHfGbu"
2020-11-18T08:43:43.000Z,nan,0,AMZN,1.32898E+18,en,"Amazon, Inc.
NASDAQ: AMZN

Analysis :- 18/11/2020 

Bearish :- Go For Short Selling

STOP-LOSS :- 3158.99

Follow Today

Telegram 
https://t.co/cl3sYOKN8W

Tag
#NYSE #NASDAQ #AMZN #optiontrading #intradaytrading #marketwatch #USA #StockNews #investors #Amazon $Amazon https://t.co/PwuqEDnVVd"
2020-11-18T09:55:12.000Z,nan,0,AMZN,1.329E+18,en,"#EURCAD 275 PIPS Profitüî•‚úÖ‚≠êÔ∏è

For free signals, Join https://t.co/NI2q7ZfOOy

#EURGBP #GER30 #forexsignals #ForexMarket #amzn #forex #xauusd #BTC #GBPUSD #gold #xagusd #usoil #AUDJPY #fx #EURUSD #bitcoin #crudeoil #Forextrading 76656 https://t.co/TzW4OssFpF"
2020-11-18T11:23:39.000Z,nan,0,AMZN,1.32902E+18,en,"#GBPAUD 145 PIPS Profitüî•üî•

For Forex signals, join https://t.co/PwwIcb46hO

#nflx #amzn #EURUSD #BTC #xauusd #bitcoin #GBPUSD #GER30 #aapl #GBPJPY #forex #fx #stocks #ForexMarket #xagusd #crudeoil #forexsignals #usoil 99058 https://t.co/XNhXY7wvM2"
,nan,,AMZN,,,"""Amazon reminds me of the game """"Risk"""" that I used to play as a kid where they slowly start to overtake each territory on the map. "
1.32902E+18,nan,2020-11-18T11:07:03.000Z,AMZN," shaking up another industry""""#FinancialMarkets #AMZN https://t.co/A63BwLX8Nb""",0,"""""Amazon opens online pharmacy"
2020-11-18T12:29:20.000Z,nan,0,AMZN,1.32904E+18,en,"#GBPAUD 145 PIPS Profitüî•üî•

Check out my Bio to get Telegram link of Free Forex or Crypto Channel. 

Cheers! üçª

#PIPS #amzn #ES_F #nflx #BTC #aapl #xagusd #USDTRY #xauusd #EURTRY #DOW #fx #GBPJPY #stocks #WTI #SPX #forex #SP500 36762 https://t.co/hERhI0t1pm"
2020-11-18T13:37:55.000Z,nan,0,AMZN,1.32906E+18,en,"$AMZN one of the most mentioned on /r/wallstreetbets over the last 12 hours

Via https://t.co/pCi40q86un

#amzn    #wallstreetbets"
2020-11-18T13:35:06.000Z,nan,0,AMZN,1.32906E+18,en,"#USDJPY TP2 Hit! 127 PIPS Profitüî•‚ú®üî±

For free signals, Join https://t.co/AdM92xbWSj

#SP500 #PIPS #xagusd #USDTRY #stocks #amzn #SPY #S&amp;P500 #BTC #GBPJPY #EURTRY #xauusd #aapl #SPX #nflx #forex #fx #WTI 93341 https://t.co/V1PSwapkrd"
2020-11-18T13:35:05.000Z,nan,0,AMZN,1.32906E+18,en,$WBA #AMZN sympathy? https://t.co/SYx4gm1zZh
2020-11-18T13:30:04.000Z,nan,0,AMZN,1.32905E+18,en,$CVS #AMZN news? https://t.co/eN8oQ84h28
2020-11-18T13:16:15.000Z,nan,3,AMZN,1.32905E+18,en,"RT @BionicBulls: $BEGI - Today's Special

Repeat From Yesterday in Sympathy to 18K #BTC 

News on #blockchain OTC trading platform not to b‚Ä¶"
2020-11-18T13:00:16.000Z,nan,3,AMZN,1.32905E+18,en,"$BEGI - Today's Special

Repeat From Yesterday in Sympathy to 18K #BTC 

News on #blockchain OTC trading platform not to be overlooked, using #AMZN #blockchain platform

OTCQB
Only 24M Float

One of my favorite #blockchain stocks https://t.co/0WwVQ140tL"
2020-11-18T14:19:47.000Z,nan,0,AMZN,1.32907E+18,en,"""17nov2020 @jimcramer #StopTrading #alerts """" $CMI invest in #hydrogen &amp; $AMZN starts #pharmacy """" #cmi #amzn #cummins #amazon #sp500 #spy #dia #DowJones #nasdaq #nyse #stockmarket #trade #shares #cramer #trading #investing #etf #acciones #valores #bolsa #stock #symbol #market https://t.co/WoeBheYiV2"""
2020-11-18T15:40:04.000Z,nan,0,AMZN,1.32909E+18,en,#AMZN - Amazon Pharmacy - TradingView - https://t.co/Ze0riztjaG
2020-11-18T15:39:37.000Z,nan,0,AMZN,1.32909E+18,en,"In a market where the Federal Reserve is keeping interest rates near zero until 2023, it‚Äôs difficult to fight the tape
https://t.co/ayrcM8dmE9
#AMZN #ChartAnalysis #Election #Fed #Markets #MEL #MovingAverage #NDX #NFLX #Permina Basin #Rally #Covid"
2020-11-18T15:30:23.000Z,nan,0,AMZN,1.32908E+18,en,"Flat trade (-$2) in 30 minutes | Small Account Trade Log

#daytrading  #daytrade #OptionsTrading #investing #AMZN https://t.co/TtY5pH1zKI"
2020-11-18T15:25:29.000Z,nan,0,AMZN,1.32908E+18,en,"EURNZD TP2 Hit! 180 PIPS PROFIT üî•üëçüèª‚ö°Ô∏è

For free signals, Join https://t.co/jPF3gWLQzs

#xauusd #DJI #Forextrading #fx #amzn #AUDJPY #EURGBP #NZDUSD #silver #CHFJPY #gold #nflx #forex #nasdaq #xagusd #EURAUD #DAX30 #BTC 77105 https://t.co/5JfZHJV0QU"
2020-11-18T15:15:14.000Z,nan,0,AMZN,1.32908E+18,en,"#FB Update üìâ

Charts are released earlier in our Discord group #joinus
Please like and share if you appreciate this #Elliottwave update

#NDX #SPX #MSFT #APPL #AMZN #GOOG #GOOGL #FB #AMD #NVDA #SMH #XLK #JPM #M #PG #UNH #INTC #VZ #MA #PFE #MRK #BAC #DIS #NFLX #TSLA https://t.co/P1PLYdW1xr"
2020-11-18T15:12:55.000Z,nan,0,AMZN,1.32908E+18,en,I wish the bears would come and knock this shit down already #spx #amzn #appl #goog
2020-11-18T15:04:41.000Z,nan,0,AMZN,1.32908E+18,en,I signed up for @amazon #pharmacy and will place my first Rx order next week. #AMZN #AmazonPharmacy
2020-11-18T15:04:01.000Z,nan,0,AMZN,1.32908E+18,en,"EURNZD TP2 Hit! 180 PIPS PROFIT üî•üëçüèª‚ö°Ô∏è

For Forex signals, join https://t.co/AIKtiYFjii

#SP500 #SPX #amzn #WTI #EURTRY #forex #PIPS #BTC #GBPJPY #xauusd #fx #FTSE #DJIA #xagusd #stocks #USDTRY #nflx #aapl 56194 https://t.co/qhRyBkK119"
2020-11-18T15:00:42.000Z,nan,0,AMZN,1.32908E+18,en,"S&amp;P 500 Index Update üìâ

Is the stock market going to follow Bitcoin? It's hesitating at the macro channel resistance line.

Charts are released earlier in our Discord group #joinus

#NDX #SPX #MSFT #APPL #AMZN #GOOG #GOOGL #FB #AMD #NVDA #SMH #XLK #JPM #M #PG #UNH #INTC #VZ #MA https://t.co/hloLpSfBGc"
2020-11-18T16:02:42.000Z,nan,0,AMZN,1.32909E+18,en,1 hour charts for all 78 instruments are available for members viewing https://t.co/x2kmaKA6Ui #ElliottWave #Forex #Indices #Commodities #stocks #etf's #SPX #NKD_F #YM_F #RTY_F #ES_F #NQ_F #USDX #EURUSD #AMZN #GOOGL #AMD #MSFT #TSLA #SPY #T https://t.co/tjNViGTmaq
2020-11-18T16:01:11.000Z,nan,0,AMZN,1.32909E+18,ja,"„Éñ„É≠„Ç∞Êõ¥Êñ∞„Åó„Åæ„Åó„ÅüÔºÅ

„ÄêÁ±≥ÂõΩÊ†™„ÄëTSLA SPXL NIO KNDI „ÅÇ„Å®1ÂÄãË≤∑„ÅÜ„Å™„Çâ‰ΩïÔºüAmazon„ÅåÊÆã„Åô„Éï„É≠„É≥„ÉÜ„Ç£„Ç¢„ÅØÔºü

#Á±≥ÂõΩÊ†™ #TSLA #SPXL #NIO #KNDI #Amazon #AMZN
https://t.co/7bJUkWuaOC"
2020-11-18T17:55:07.000Z,nan,0,AMZN,1.32912E+18,en,"#NZDCAD Target Hit! 90 PIPS Profit üî•

Check out my Bio to get Telegram link of Free Forex or Crypto Channel. 

Cheers! üçª

#EURUSD #stocks #GER30 #BTC #nflx #xagusd #EURGBP #ForexMarket #xauusd #fx #forex #GBPUSD #aapl #Forextrading #amzn #gold #EURAUD #GBPJPY 66335 https://t.co/rYcSwnDdJe"
2020-11-18T17:50:02.000Z,nan,0,AMZN,1.32912E+18,en,"#AMZN #GOOG #GOOGL #IBM Masters Of Cloud, Part 4: The Post-COVID World https://t.co/NR8zHjNLuN"
2020-11-18T17:42:44.000Z,nan,0,AMZN,1.32912E+18,en,"https://t.co/nZeQ8HAKa9 &gt; Try EWF FREE for 14 days and learn to enter the Market at Blue Boxes, which most of the time create a reaction. Join us, it's FREE. #Elliottwave https://t.co/i7ZREQLNif FREE for 14 days #BAC #XLF #XLK #AAPL #AMZN #Nasdaq #Trading
Quote Tweet"
2020-11-18T17:19:29.000Z,nan,0,AMZN,1.32911E+18,en,"https://t.co/sH7TxqdoFq&gt; Try EWF FREE for 14 days and learn to enter the Market at Blue Boxes, which most of the time create a reaction. Join us, it's FREE. #Elliottwave https://t.co/i7ZREQLNif FREE for 14 days #BAC #XLF #XLK #AAPL #AMZN #Nasdaq #Trading"
2020-11-18T17:17:55.000Z,nan,0,AMZN,1.32911E+18,en,"Flow-wise 5 biggest losers from #TSLA inclusion in SPX would be: #AAPL, #MSFT, #AMZN, #GOOG, #FB. So the action where TSLA expectedly rips and everyone else pretends nothing happens is kind of strange..."
2020-11-18T18:53:34.000Z,nan,0,AMZN,1.32914E+18,en,1 hour charts for the Group 3 instruments are available for members viewing.. https://t.co/x2kmaKA6Ui #ElliottWave #Stocks #ETF's #AAPL #FB #XOM #TSLA #SPY #AMD #NFLX #NKE #IYR #AMZN #XLE #XME #BAC #BABA #GOOGL #GDX #XLK #XLF #T #NVDA #MSFT https://t.co/LT2sH2aMaO
2020-11-18T18:52:04.000Z,nan,0,AMZN,1.32914E+18,en,AMZN - Support retest - #AMZN chart https://t.co/t0OIHzFkc5
2020-11-18T18:18:14.000Z,nan,0,AMZN,1.32913E+18,en,"AUDJPY Both Targets Hit! 110 Pips Profit With the Free Callüí•‚ù§Ô∏èüî•

For Free signals, Join https://t.co/p0I6OmtbuJ

#forex #CHFJPY #NZDUSD #DJI #xagusd #nflx #stocks #nasdaq #xauusd #BTC #GBPJPY #fx #silver #DAX30 #aapl #amzn #EURAUD #AUDJPY 99056 https://t.co/1KxU1xibMe"
2020-11-18T19:49:14.000Z,nan,0,AMZN,1.32915E+18,en,"BIG FREAKING GAINS THIS MONTH! https://t.co/okNfb7rT6k

#ZM #TSLA #BA #AMZN #RCL #NIO #DDOG #PDD #CRWD #SPY #DKNG

COME JOIN THE ACTION AND THE GAINS! - We been off social media posting a bit the last week or so, focused on our group of 200 members! https://t.co/oxo8JUSme7"
2020-11-18T19:46:18.000Z,nan,0,AMZN,1.32915E+18,und,#NASDAQ2 #AAPL #FB #AMZN #MSFT #NVDA #TSLA #AMD #NFLX #QCOM #GOOG #AVGO #MU #INTC #CSCO #PYPL #BIIB #COST #CMCSA #AMAT #JD #ADBE #BKNG #WDC https://t.co/hrfIq9Dskl
2020-11-18T19:45:20.000Z,nan,0,AMZN,1.32915E+18,und,#NASDAQ2 #AAPL #FB #AMZN #MSFT #NVDA #TSLA #AMD #NFLX #QCOM #GOOG #AVGO #MU #INTC #CSCO #PYPL #BIIB #COST #CMCSA #AMAT #JD #ADBE #BKNG #WDC https://t.co/jw8r8Ry2TO
2020-11-18T19:41:05.000Z,nan,0,AMZN,1.32915E+18,und,#NASDAQ1 #AAPL #FB #AMZN #MSFT #NVDA #TSLA #AMD #NFLX #QCOM #GOOG #AVGO #MU #INTC #CSCO #PYPL #GOOGL #COST #CMCSA #AMAT #JD #ADBE #BKNG #UAL https://t.co/HwI6rJdTIf
2020-11-18T19:40:20.000Z,nan,0,AMZN,1.32915E+18,en,#Free Trial available at https://t.co/x2kmaKA6Ui #SPY #GDX #XME #XLE #IYR #AAPL #FB #AMZN #NFLX #GOOGL #MSFT #NVDA #AMD #TSLA #BABA #XOM #BAC #T #NKE #GE #SPX #NKD_F #FTSE #DAX #YM_F #USDX #EURUSD #GBPUSD #GBPJPY #USDJPY #CL_F #HG_F #XAUUSD #XAGUSD #ES_F #NQ_F #RTY_F #ASX #BTC https://t.co/Dh3u5EtRlz
2020-11-18T19:39:49.000Z,nan,0,AMZN,1.32915E+18,und,#NASDAQ1 #AAPL #FB #AMZN #MSFT #NVDA #TSLA #AMD #NFLX #QCOM #GOOG #AVGO #MU #INTC #CSCO #PYPL #GOOGL #COST #CMCSA #AMAT #JD #ADBE #BKNG #UAL https://t.co/VQFwu3FiTP
2020-11-18T19:39:09.000Z,nan,0,AMZN,1.32915E+18,en,"Group 1, 2 &amp; 3 Daily Live #Trading Rooms and #ElliottWave Analysis Session video recordings are available for members viewing. https://t.co/x2kmaKA6Ui #SPY #AAPL #FB #AMZN #GOOGL #TSLA #YM_F #USDX #EURUSD #USDJPY #CL_F #ES_F #NQ_F #BTC https://t.co/fOS2Lo3jyd"
2020-11-18T20:32:38.000Z,,0,AMZN,1.32916E+18,en,"USDCAD Target hit! 150 Pips Profit üíØüòç‚ö°Ô∏è

For Forex signals, join https://t.co/IFi7owdI9T

#BTC #silver #AUDJPY #forex #gold #DJI #amzn #EURGBP #CHFJPY #nasdaq #DAX30 #Forextrading #xauusd #nflx #GER30 #fx #xagusd #NZDUSD 26108 https://t.co/6bG1BQyGT9"
2020-11-18T20:08:49.000Z,,0,AMZN,1.32915E+18,en,"USDCAD Target hit! 150 Pips Profit üíØüòç‚ö°Ô∏è

For Free signals, Join https://t.co/OttddInpq5

#CHFJPY #DAX30 #DJI #NZDUSD #ForexMarket #xauusd #nasdaq #fx #silver #GER30 #AUDJPY #xagusd #nflx #BTC #forex #EURUSD #amzn #GBPUSD 40363 https://t.co/Y5CN6zZh5K"
